{"name":"SlotMenuInicial","identifier":"V4N4K3AURM","description":"Este slot é para o menu inicial.","slotTypeValues":[{"synonyms":[{"value":"1"},{"value":"Chamar Policia"},{"value":"chamar policia"},{"value":"Chamar a Polícia"},{"value":"190"}],"sampleValue":{"value":"Chamar Polícia"}},{"synonyms":[{"value":"BO"},{"value":"2"},{"value":"Boletim de Ocorrência"},{"value":"B.O"},{"value":"boletim de ocorrencia"},{"value":"b.o"}],"sampleValue":{"value":"Boletim de Ocorrência"}}],"parentSlotTypeSignature":null,"valueSelectionSetting":{"resolutionStrategy":"TOP_RESOLUTION","regexFilter":null}}