{"name":"SlotRelacaoAgressor","identifier":"ZV3EQJR2FB","description":"Slot para informar o se a vítima tem algum relacionamento com o agresor.","slotTypeValues":[{"synonyms":[{"value":"Amizade"}],"sampleValue":{"value":"Amizade"}},{"synonyms":[{"value":"Envolvimento Amoroso"}],"sampleValue":{"value":"Envolvimento Amoroso"}},{"synonyms":[{"value":"União Estável"}],"sampleValue":{"value":"União Estável"}},{"synonyms":[{"value":"Casamento"}],"sampleValue":{"value":"Casamento"}},{"synonyms":[{"value":"Parentesco"}],"sampleValue":{"value":"Parentesco"}},{"synonyms":[{"value":"Conhecido"}],"sampleValue":{"value":"Conhecido"}}],"parentSlotTypeSignature":null,"valueSelectionSetting":{"resolutionStrategy":"TOP_RESOLUTION","regexFilter":null}}