{"name":"TelefonesUteisIntent","identifier":"TVUH3Z0MTI","description":"Intent para exibir contatos de algumas autoridades","parentIntentSignature":null,"sampleUtterances":[{"utterance":"Quero ver os contatos"},{"utterance":"contatos"},{"utterance":"telefones"},{"utterance":"telefones úteis"}],"intentConfirmationSetting":null,"intentClosingSetting":null,"initialResponseSetting":{"conditional":null,"codeHook":{"isActive":true,"postCodeHookSpecification":{"failureResponse":null,"failureNextStep":{"sessionAttributes":{},"dialogAction":{"type":"StartIntent","slotToElicit":null,"suppressNextMessage":null},"intent":{"name":"FallbackIntent","slots":{}}},"failureConditional":null,"successResponse":null,"successNextStep":{"sessionAttributes":{},"dialogAction":{"type":"StartIntent","slotToElicit":null,"suppressNextMessage":null},"intent":{"name":"DespedidaIntent","slots":{}}},"successConditional":null,"timeoutResponse":null,"timeoutNextStep":{"sessionAttributes":{},"dialogAction":{"type":"StartIntent","slotToElicit":null,"suppressNextMessage":null},"intent":{"name":"FallbackIntent","slots":{}}},"timeoutConditional":null},"enableCodeHookInvocation":true,"invocationLabel":null},"nextStep":{"sessionAttributes":{},"dialogAction":{"type":"InvokeDialogCodeHook","slotToElicit":null,"suppressNextMessage":null},"intent":{"name":null,"slots":{}}},"initialResponse":{"messageGroupsList":[{"message":{"ssmlMessage":null,"customPayload":null,"plainTextMessage":{"value":"Certo! Você selecionou a opção \"Telefones úteis\"!"},"imageResponseCard":null},"variations":null},{"message":{"ssmlMessage":null,"customPayload":{"value":"Lista de Contatos de autoridades:    \n\n• 🚧 Defesa Civil Estadual de São paulo: (11) 2193-8888\n• 👮 Polícia Militar: 190    \n• 🚨 Polícia Civil: 197  \n• 🚒 Bombeiros: 193  \n• 🚑 SAMU: 192 \n• 🚓 PRF: 191 "},"plainTextMessage":null,"imageResponseCard":null},"variations":null}],"allowInterrupt":true}},"inputContexts":null,"outputContexts":null,"kendraConfiguration":null,"qnAIntentConfiguration":null,"dialogCodeHook":null,"fulfillmentCodeHook":null,"slotPriorities":[]}