{"name":"BoletimDeOcorrenciaIntent","identifier":"ELS3RZ0CB3","description":"Esta intent permite a criação de Boletins de Ocorrência, exibindo um response card com todas as opções.","parentIntentSignature":null,"sampleUtterances":[{"utterance":"Boletim de ocorrencia"},{"utterance":"quero fazer um boletim"},{"utterance":"BO"},{"utterance":"Preciso fazer um BO"},{"utterance":"Preciso fazer um boletim de ocorrencia"},{"utterance":"Gostaria de fazer um boletim"},{"utterance":"Registrar boletim"},{"utterance":"Queria registrar um BO"},{"utterance":"Fazer ocorrencia"}],"intentConfirmationSetting":null,"intentClosingSetting":null,"initialResponseSetting":{"conditional":null,"codeHook":null,"nextStep":{"intent":{"name":null,"slots":{}},"sessionAttributes":{},"dialogAction":{"type":"ElicitSlot","slotToElicit":"OpcaoBoletim","suppressNextMessage":null}},"initialResponse":{"messageGroupsList":[{"message":{"ssmlMessage":null,"customPayload":null,"plainTextMessage":{"value":"Certo! Você selecionou a opção \"Boletim de Ocorrência\"!"},"imageResponseCard":null},"variations":null}],"allowInterrupt":true}},"inputContexts":null,"outputContexts":null,"kendraConfiguration":null,"qnAIntentConfiguration":null,"dialogCodeHook":null,"fulfillmentCodeHook":null,"slotPriorities":[{"priority":0,"slotName":"OpcaoBoletim"}]}