{"name":"SlotTiposOutros","identifier":"STXYWY8QNO","description":null,"slotTypeValues":[{"synonyms":[{"value":"racismo"},{"value":"homofobis"},{"value":"1"}],"sampleValue":{"value":"Boletin de ocorrencia sobre discriminação ou intolerancia "}},{"synonyms":[{"value":"outros"},{"value":"nao teve discriminação"},{"value":"2"}],"sampleValue":{"value":"Não envolveu caso de intolerancia ou discriminação"}}],"parentSlotTypeSignature":null,"valueSelectionSetting":{"resolutionStrategy":"TOP_RESOLUTION","regexFilter":null}}