{"name":"Complemento","identifier":"ILLUFPNUER","description":null,"slotTypeName":"AMAZON.FreeFormInput","obfuscationSetting":null,"valueElicitationSetting":{"slotCaptureSetting":{"codeHook":null,"captureResponse":null,"captureNextStep":{"intent":{"name":null,"slots":{}},"sessionAttributes":{},"dialogAction":{"type":"ElicitSlot","slotToElicit":"imagem","suppressNextMessage":null}},"captureConditional":null,"failureResponse":{"messageGroupsList":[{"message":{"ssmlMessage":null,"customPayload":null,"plainTextMessage":{"value":"Informação inválida. Por favor, informe um complemento válido"},"imageResponseCard":null},"variations":null}],"allowInterrupt":true},"failureNextStep":{"intent":{"name":null,"slots":{}},"sessionAttributes":{},"dialogAction":{"type":"ElicitSlot","slotToElicit":"Complemento","suppressNextMessage":null}},"failureConditional":null,"elicitationCodeHook":{"enableCodeHookInvocation":false,"invocationLabel":null}},"promptSpecification":{"messageGroupsList":[{"message":{"ssmlMessage":null,"customPayload":null,"plainTextMessage":{"value":"Se houver, informe o complemento de onde ocorreu o vandalismo."},"imageResponseCard":null},"variations":null}],"maxRetries":0,"allowInterrupt":true,"messageSelectionStrategy":"Random","promptAttemptsSpecification":{"Initial":{"allowedInputTypes":{"allowAudioInput":true,"allowDTMFInput":true},"audioAndDTMFInputSpecification":{"dtmfSpecification":{"maxLength":513,"deletionCharacter":"*","endCharacter":"#","endTimeoutMs":5000},"startTimeoutMs":4000,"audioSpecification":{"maxLengthMs":15000,"endTimeoutMs":640}},"allowInterrupt":true,"textInputSpecification":{"startTimeoutMs":30000}}}},"slotConstraint":"Required","defaultValueSpecification":null,"sampleUtterances":null,"waitAndContinueSpecification":null},"multipleValuesSetting":null}