{"name":"InstrucoesDeUsoIntent","identifier":"OW1TBVI3FO","description":"Esta Intent fornece maiores informações referente ao chatbot","parentIntentSignature":null,"sampleUtterances":[{"utterance":"detalhes"},{"utterance":"informações"},{"utterance":"mais informações"},{"utterance":"ajuda"},{"utterance":"quero receber ajuda"},{"utterance":"preciso de ajuda"},{"utterance":"Quero saber como utilizar o serviço"}],"intentConfirmationSetting":null,"intentClosingSetting":null,"initialResponseSetting":{"conditional":null,"codeHook":{"isActive":true,"enableCodeHookInvocation":true,"postCodeHookSpecification":{"failureResponse":null,"failureNextStep":{"intent":{"name":"FallbackIntent","slots":{}},"sessionAttributes":{},"dialogAction":{"type":"StartIntent","slotToElicit":null,"suppressNextMessage":null}},"failureConditional":null,"successResponse":null,"successNextStep":{"intent":{"name":"DespedidaIntent","slots":{}},"sessionAttributes":{},"dialogAction":{"type":"StartIntent","slotToElicit":null,"suppressNextMessage":null}},"successConditional":null,"timeoutResponse":null,"timeoutNextStep":{"intent":{"name":"FallbackIntent","slots":{}},"sessionAttributes":{},"dialogAction":{"type":"StartIntent","slotToElicit":null,"suppressNextMessage":null}},"timeoutConditional":null},"invocationLabel":null},"nextStep":{"intent":{"name":null,"slots":{}},"sessionAttributes":{},"dialogAction":{"type":"InvokeDialogCodeHook","slotToElicit":null,"suppressNextMessage":null}},"initialResponse":{"messageGroupsList":[{"message":{"ssmlMessage":null,"customPayload":{"value":"Você escolheu a opção \"Instruções de uso\"!\n\n  Este serviço é uma ferramenta importante para ajudar os cidadãos a registrar ocorrências policiais de forma segura e eficiente. \n  O chatbot é uma alternativa ao telefone 190 e outros meios digitais de comunicação com autoridades, que pode estar ocupado ou ser difícil de acessar em algumas áreas.\n"},"plainTextMessage":null,"imageResponseCard":null},"variations":null},{"message":{"ssmlMessage":null,"customPayload":{"value":"Instrução de uso:\n Você pode escolher o serviço desejado conforme a lista inicial, nos enviando o nome do serviço, como \"Denunciar\"\n O chatbot Alô Polícia irá então solicitar informações básicas sobre a ocorrência, como o local,  a hora e a descrição do ocorrido. Para isso, envie as informações com o máximo de atenção, após fornecer essas informações, o nosso serviço irá enviar um registro da ocorrência à polícia."},"plainTextMessage":null,"imageResponseCard":null},"variations":null}],"allowInterrupt":true}},"inputContexts":null,"outputContexts":null,"kendraConfiguration":null,"qnAIntentConfiguration":null,"dialogCodeHook":null,"fulfillmentCodeHook":null,"slotPriorities":[]}