{"name":"SlotBoDesaparecimentosAnteriores","identifier":"IUMMIS0QKM","description":"Slot para especificar se a pessoa já desapareceu outras vezes.","slotTypeValues":[{"synonyms":[{"value":"Sim"},{"value":"s"},{"value":"sim"}],"sampleValue":{"value":"Sim"}},{"synonyms":[{"value":"Não"},{"value":"n"},{"value":"Nao"},{"value":"nao"}],"sampleValue":{"value":"Nao"}},{"synonyms":[{"value":"Nao sei dizer"},{"value":"Não sei dizer"},{"value":"nao sei dizer"},{"value":"n sei dizer"}],"sampleValue":{"value":"Nao sei dizer"}}],"parentSlotTypeSignature":null,"valueSelectionSetting":{"resolutionStrategy":"TOP_RESOLUTION","regexFilter":null}}