{"name":"InstrucoesDeUsoIntent","identifier":"OW1TBVI3FO","description":"Esta Intent fornece maiores informações referente ao chatbot","parentIntentSignature":null,"sampleUtterances":[{"utterance":"detalhes"},{"utterance":"informações"},{"utterance":"mais informações"},{"utterance":"ajuda"},{"utterance":"quero receber ajuda"},{"utterance":"preciso de ajuda"},{"utterance":"Quero saber como utilizar o serviço"}],"intentConfirmationSetting":null,"intentClosingSetting":null,"initialResponseSetting":{"conditional":null,"codeHook":{"isActive":true,"postCodeHookSpecification":{"failureResponse":null,"failureNextStep":{"sessionAttributes":{},"dialogAction":{"type":"StartIntent","slotToElicit":null,"suppressNextMessage":null},"intent":{"name":"FallbackIntent","slots":{}}},"failureConditional":null,"successResponse":null,"successNextStep":{"sessionAttributes":{},"dialogAction":{"type":"StartIntent","slotToElicit":null,"suppressNextMessage":null},"intent":{"name":"DespedidaIntent","slots":{}}},"successConditional":null,"timeoutResponse":null,"timeoutNextStep":{"sessionAttributes":{},"dialogAction":{"type":"StartIntent","slotToElicit":null,"suppressNextMessage":null},"intent":{"name":"FallbackIntent","slots":{}}},"timeoutConditional":null},"enableCodeHookInvocation":true,"invocationLabel":null},"nextStep":{"sessionAttributes":{},"dialogAction":{"type":"InvokeDialogCodeHook","slotToElicit":null,"suppressNextMessage":null},"intent":{"name":null,"slots":{}}},"initialResponse":{"messageGroupsList":[{"message":{"ssmlMessage":null,"customPayload":{"value":"Você escolheu a opção \"Instruções de uso\"!\n\nEste serviço é uma ferramenta importante para ajudar os cidadãos a registrar ocorrências policiais de forma segura e eficiente. \n\nO chatbot AlôPolícia é uma alternativa ao telefone 190 e outros meios digitais de comunicação com autoridades, que, muitas vezes, podem estar ocupados com outras ocorrências.\n\nPara começar, digite \"Olá\" e, então, interaja com o ChatBot fornecendo os dados solicitados."},"plainTextMessage":null,"imageResponseCard":null},"variations":null},{"message":{"ssmlMessage":null,"customPayload":{"value":"Mais instruções de uso:\n Você pode escolher o serviço desejado conforme a lista inicial, nos enviando o nome do serviço, como \"Denunciar\".\n O AlôPolícia irá, então, solicitar informações básicas sobre a ocorrência, como: local, hora e descrição do ocorrido. \n Envie as informações com o máximo de atenção. Após fornecer estas informações, o ChatBot AlôPolícia enviará o registro da ocorrência para as Autoridades."},"plainTextMessage":null,"imageResponseCard":null},"variations":null}],"allowInterrupt":true}},"inputContexts":null,"outputContexts":null,"kendraConfiguration":null,"qnAIntentConfiguration":null,"dialogCodeHook":null,"fulfillmentCodeHook":null,"slotPriorities":[]}