{"name":"SlotTipoVeiculo","identifier":"P8DDCZICHV","description":"Slot para indicar se o veículo se trata de um carro, moto etc.","slotTypeValues":[{"synonyms":null,"sampleValue":{"value":"Moto"}},{"synonyms":null,"sampleValue":{"value":" Carro"}},{"synonyms":null,"sampleValue":{"value":"SUV"}},{"synonyms":null,"sampleValue":{"value":"Van"}},{"synonyms":null,"sampleValue":{"value":"Caminhão"}},{"synonyms":null,"sampleValue":{"value":"Motocicleta"}},{"synonyms":null,"sampleValue":{"value":"Bicicleta"}},{"synonyms":null,"sampleValue":{"value":"Bicicleta "}},{"synonyms":null,"sampleValue":{"value":"Ônibus"}},{"synonyms":null,"sampleValue":{"value":"Trator"}}],"parentSlotTypeSignature":null,"valueSelectionSetting":{"resolutionStrategy":"ORIGINAL_VALUE","regexFilter":null}}