{"name":"ComplaintType","identifier":"GNVHNBDU5O","description":null,"slotTypeValues":[{"synonyms":[{"value":"Denunciar foragido"}],"sampleValue":{"value":"foragido"}},{"synonyms":[{"value":"Denunciar desmanche"}],"sampleValue":{"value":"desmanche"}},{"synonyms":[{"value":"Denunciar vandalismo"}],"sampleValue":{"value":"vandalismo"}},{"synonyms":[{"value":"Denunciar outros casos"}],"sampleValue":{"value":"outros"}},{"synonyms":[{"value":"Denunciar trafico de drogas"}],"sampleValue":{"value":"trafico"}}],"parentSlotTypeSignature":null,"valueSelectionSetting":{"resolutionStrategy":"TOP_RESOLUTION","regexFilter":null}}