{"name":"SlotTemFilhos","identifier":"QASPYBINJN","description":"Slot para informar se a vítima tem filhos.","slotTypeValues":[{"synonyms":[{"value":"Sim, com o agressor"}],"sampleValue":{"value":"Sim, com o agressor"}},{"synonyms":[{"value":"Quantos?"}],"sampleValue":{"value":"Quantos?"}},{"synonyms":[{"value":"Sim, de outro relacionamento"}],"sampleValue":{"value":"Sim, de outro relacionamento"}}],"parentSlotTypeSignature":null,"valueSelectionSetting":{"resolutionStrategy":"TOP_RESOLUTION","regexFilter":null}}