{"name":"SlotBoFraudeCanal","identifier":"P8QMB9SYQY","description":"Este slot contém os canais que podem ser utilizados para cometer fraudes.","slotTypeValues":[{"synonyms":[{"value":"internet"}],"sampleValue":{"value":"Internet"}},{"synonyms":[{"value":"telefone"},{"value":"celular"}],"sampleValue":{"value":"Telefone"}},{"synonyms":[{"value":"presencial"},{"value":"presencialmente"}],"sampleValue":{"value":"Presencial"}},{"synonyms":[{"value":"nenhuma das opcoes"},{"value":"nenhuma"}],"sampleValue":{"value":"Nenhuma"}}],"parentSlotTypeSignature":null,"valueSelectionSetting":{"resolutionStrategy":"TOP_RESOLUTION","regexFilter":null}}