{"name":"SlotGenero","identifier":"O2XHCKX20P","description":"Slot correspondente ao gênero.","slotTypeValues":[{"synonyms":[{"value":"masculino"},{"value":"homem"},{"value":"Homem"},{"value":"Masculino"},{"value":"menino"},{"value":"Menina"},{"value":"M"}],"sampleValue":{"value":"Masculino"}},{"synonyms":[{"value":"feminino"},{"value":"Feminino"},{"value":"F"}],"sampleValue":{"value":"Feminino"}}],"parentSlotTypeSignature":null,"valueSelectionSetting":{"resolutionStrategy":"TOP_RESOLUTION","regexFilter":null}}