{"name":"BOOutrosIntent","identifier":"LTRPXMPJ9A","description":"Esta Intent engloba tipos diferentes de ocorrência.","parentIntentSignature":null,"sampleUtterances":[{"utterance":"nenhuma das outras alternativas "},{"utterance":"outras "},{"utterance":"outros "},{"utterance":"outra"},{"utterance":"outro"}],"intentConfirmationSetting":{"isActive":true,"promptSpecification":{"messageGroupsList":[{"message":{"ssmlMessage":null,"customPayload":null,"plainTextMessage":{"value":"Podemos continuar a criação do boletim de ocorrência com essas informações ?"},"imageResponseCard":null},"variations":null}],"maxRetries":4,"allowInterrupt":true,"messageSelectionStrategy":"Random","promptAttemptsSpecification":{"Retry3":{"allowedInputTypes":{"allowAudioInput":true,"allowDTMFInput":true},"audioAndDTMFInputSpecification":{"dtmfSpecification":{"maxLength":513,"deletionCharacter":"*","endCharacter":"#","endTimeoutMs":5000},"startTimeoutMs":4000,"audioSpecification":{"maxLengthMs":15000,"endTimeoutMs":640}},"allowInterrupt":true,"textInputSpecification":{"startTimeoutMs":30000}},"Retry4":{"allowedInputTypes":{"allowAudioInput":true,"allowDTMFInput":true},"audioAndDTMFInputSpecification":{"dtmfSpecification":{"maxLength":513,"deletionCharacter":"*","endCharacter":"#","endTimeoutMs":5000},"startTimeoutMs":4000,"audioSpecification":{"maxLengthMs":15000,"endTimeoutMs":640}},"allowInterrupt":true,"textInputSpecification":{"startTimeoutMs":30000}},"Retry2":{"allowedInputTypes":{"allowAudioInput":true,"allowDTMFInput":true},"audioAndDTMFInputSpecification":{"dtmfSpecification":{"maxLength":513,"deletionCharacter":"*","endCharacter":"#","endTimeoutMs":5000},"startTimeoutMs":4000,"audioSpecification":{"maxLengthMs":15000,"endTimeoutMs":640}},"allowInterrupt":true,"textInputSpecification":{"startTimeoutMs":30000}},"Retry1":{"allowedInputTypes":{"allowAudioInput":true,"allowDTMFInput":true},"audioAndDTMFInputSpecification":{"dtmfSpecification":{"maxLength":513,"deletionCharacter":"*","endCharacter":"#","endTimeoutMs":5000},"startTimeoutMs":4000,"audioSpecification":{"maxLengthMs":15000,"endTimeoutMs":640}},"allowInterrupt":true,"textInputSpecification":{"startTimeoutMs":30000}},"Initial":{"allowedInputTypes":{"allowAudioInput":true,"allowDTMFInput":true},"audioAndDTMFInputSpecification":{"dtmfSpecification":{"maxLength":513,"deletionCharacter":"*","endCharacter":"#","endTimeoutMs":5000},"startTimeoutMs":4000,"audioSpecification":{"maxLengthMs":15000,"endTimeoutMs":640}},"allowInterrupt":true,"textInputSpecification":{"startTimeoutMs":30000}}}},"declinationResponse":null,"failureNextStep":{"intent":{"name":"FallbackIntent","slots":{}},"sessionAttributes":{},"dialogAction":{"type":"StartIntent","slotToElicit":null,"suppressNextMessage":null}},"elicitationCodeHook":{"enableCodeHookInvocation":true,"invocationLabel":null},"confirmationNextStep":{"intent":{"name":null,"slots":{}},"sessionAttributes":{},"dialogAction":{"type":"EndConversation","slotToElicit":null,"suppressNextMessage":null}},"declinationNextStep":{"intent":{"name":null,"slots":{}},"sessionAttributes":{},"dialogAction":{"type":"EndConversation","slotToElicit":null,"suppressNextMessage":null}}},"intentClosingSetting":null,"initialResponseSetting":{"conditional":null,"codeHook":{"isActive":true,"enableCodeHookInvocation":true,"postCodeHookSpecification":{"failureResponse":null,"failureNextStep":{"intent":{"name":null,"slots":{}},"sessionAttributes":{},"dialogAction":{"type":"EndConversation","slotToElicit":null,"suppressNextMessage":null}},"failureConditional":null,"successResponse":null,"successNextStep":{"intent":{"name":null,"slots":{}},"sessionAttributes":{},"dialogAction":{"type":"ElicitSlot","slotToElicit":"OutrosNameSlot","suppressNextMessage":null}},"successConditional":null,"timeoutResponse":null,"timeoutNextStep":{"intent":{"name":null,"slots":{}},"sessionAttributes":{},"dialogAction":{"type":"EndConversation","slotToElicit":null,"suppressNextMessage":null}},"timeoutConditional":null},"invocationLabel":null},"nextStep":{"intent":{"name":null,"slots":{}},"sessionAttributes":{},"dialogAction":{"type":"InvokeDialogCodeHook","slotToElicit":null,"suppressNextMessage":null}},"initialResponse":null},"inputContexts":null,"outputContexts":null,"kendraConfiguration":null,"qnAIntentConfiguration":null,"dialogCodeHook":null,"fulfillmentCodeHook":null,"slotPriorities":[{"priority":3,"slotName":"BOTelefoneSlot"},{"priority":5,"slotName":"BOOcorrenciaSlot"},{"priority":4,"slotName":"OutrosEmailSlot"},{"priority":1,"slotName":"OutrosNameSlot"},{"priority":7,"slotName":"NumeroResidencia"},{"priority":2,"slotName":"OutrosCPFSlot"},{"priority":6,"slotName":"CEPOcorrencia"},{"priority":8,"slotName":"ComplementoEnd"},{"priority":9,"slotName":"OutrosRelatoSlot"}]}