{"name":"InicioIntent","identifier":"Y0KDZFN9AS","description":"Esta intent inicializa o chatbot.","parentIntentSignature":null,"sampleUtterances":[{"utterance":"Ola"},{"utterance":"Bom dia"},{"utterance":"Boa tarde"},{"utterance":"Boa noite"},{"utterance":"Oi"},{"utterance":"Eae"},{"utterance":"Socorro"},{"utterance":"190"},{"utterance":"Crime"},{"utterance":"Emergencia"},{"utterance":"Policia"},{"utterance":"Autoridades"},{"utterance":"Assistencia"},{"utterance":"Delegacia"},{"utterance":"Problema"},{"utterance":"Estou com um problema"},{"utterance":"Viatura"},{"utterance":"gostaria de falar com"},{"utterance":"quero falar com um representante"},{"utterance":"tenho uma dúvida"},{"utterance":"preciso de informações"},{"utterance":"quero saber mais sobre"},{"utterance":"tenho um problema"},{"utterance":"preciso de assistência"},{"utterance":"gostaria de fazer um pedido"},{"utterance":"quero fazer um pedido"},{"utterance":"tenho uma pergunta"},{"utterance":"preciso de orientação"},{"utterance":"quero falar sobre"},{"utterance":"tenho um comentário"},{"utterance":"preciso de esclarecimentos"},{"utterance":"quero saber como"},{"utterance":"preciso de conselhos"},{"utterance":"quero saber quando"},{"utterance":"tenho uma reclamação"},{"utterance":"preciso de feedback"},{"utterance":"quero saber o que"},{"utterance":"tenho uma queixa"},{"utterance":"preciso de aconselhamento"},{"utterance":"quero saber se"},{"utterance":"tenho um elogio"},{"utterance":"quero saber onde"},{"utterance":"tenho uma dúvida sobre"},{"utterance":"Olá"},{"utterance":"Olá."}],"intentConfirmationSetting":null,"intentClosingSetting":null,"initialResponseSetting":{"conditional":null,"codeHook":null,"nextStep":{"sessionAttributes":{},"dialogAction":{"type":"ElicitSlot","slotToElicit":"OpcaoInicial","suppressNextMessage":null},"intent":{"name":null,"slots":{}}},"initialResponse":{"messageGroupsList":[{"message":{"ssmlMessage":null,"customPayload":null,"plainTextMessage":{"value":"Olá! Seja bem-vindo(a) ao chatbot Alô Polícia, seu chatbot para realizar Boletins de Ocorrências e denúncias  👮 "},"imageResponseCard":null},"variations":null}],"allowInterrupt":true}},"inputContexts":null,"outputContexts":null,"kendraConfiguration":null,"qnAIntentConfiguration":null,"dialogCodeHook":{"enabled":false},"fulfillmentCodeHook":null,"slotPriorities":[{"priority":0,"slotName":"OpcaoInicial"}]}