{"name":"DenunciaIntent","identifier":"FN8ZHZSM2G","description":"Esta intent permite a criação de denúncia","parentIntentSignature":null,"sampleUtterances":[{"utterance":"denúncia"},{"utterance":"quero fazer uma denúncia"},{"utterance":"desejo fazer denúncia"},{"utterance":"quero realizar uma denúncia"},{"utterance":"gostaria de fazer uma denúncia"},{"utterance":"denuncia"},{"utterance":"denuncias"},{"utterance":"denúncias"}],"intentConfirmationSetting":null,"intentClosingSetting":null,"initialResponseSetting":{"conditional":null,"codeHook":{"isActive":true,"postCodeHookSpecification":{"failureResponse":null,"failureNextStep":{"sessionAttributes":{},"dialogAction":{"type":"EndConversation","slotToElicit":null,"suppressNextMessage":null},"intent":{"name":null,"slots":{}}},"failureConditional":null,"successResponse":null,"successNextStep":{"sessionAttributes":{},"dialogAction":{"type":"ElicitSlot","slotToElicit":"complaintType","suppressNextMessage":null},"intent":{"name":null,"slots":{}}},"successConditional":null,"timeoutResponse":null,"timeoutNextStep":{"sessionAttributes":{},"dialogAction":{"type":"EndConversation","slotToElicit":null,"suppressNextMessage":null},"intent":{"name":null,"slots":{}}},"timeoutConditional":null},"enableCodeHookInvocation":false,"invocationLabel":null},"nextStep":{"sessionAttributes":{},"dialogAction":{"type":"InvokeDialogCodeHook","slotToElicit":null,"suppressNextMessage":null},"intent":{"name":null,"slots":{}}},"initialResponse":{"messageGroupsList":[{"message":{"ssmlMessage":null,"customPayload":null,"plainTextMessage":{"value":"Certo! Você selecionou a opção \"Denúncias\"!"},"imageResponseCard":null},"variations":null}],"allowInterrupt":true}},"inputContexts":null,"outputContexts":null,"kendraConfiguration":null,"qnAIntentConfiguration":null,"dialogCodeHook":{"enabled":false},"fulfillmentCodeHook":null,"slotPriorities":[{"priority":1,"slotName":"complaintType"}]}